{"cameraMode":{"drawMode":0,"name":"Shaded","section":"Shading Mode"},"sceneLighting":true,"audioPlay":false,"sceneViewState":{"showFog":true,"showMaterialUpdate":false,"showSkybox":true,"showFlares":true,"showImageEffects":true,"showParticleSystems":true},"in2DMode":false,"pivot":{"x":-2.3018264770507814,"y":-0.6856222152709961,"z":2.651599884033203},"rotation":{"x":0.33097824454307558,"y":0.055106841027736667,"z":-0.019363030791282655,"w":0.9418207406997681},"size":3.1308133602142336,"orthographic":false}